{"eval/train_psnr":27.549700164794924,"_wandb":{"runtime":1571},"eval/test_l1":0.06777995638549328,"time/total_ms":83.95833623968065,"iter":15000,"time/loss_bwd_ms":66.9642562866211,"_step":15001,"loss/total":0.030890963971614838,"loss/l1":0.01827646605670452,"eval/train_l1":0.02510347366333008,"time/render_ms":16.97327995300293,"loss/ssim":0.0813489556312561,"_runtime":1571,"num_gaussians":2365492,"eval/test_psnr":18.802603085835774,"_timestamp":1.7751403048588433e+09,"time/optim_ms":0.009279999881982803,"time/densify_ms":0.01152000017464161}