{"time/total_ms":83.13625938817859,"_timestamp":1.7753151590132554e+09,"eval/train_psnr":27.54943199157715,"iter":15000,"time/render_ms":16.811904907226562,"loss/total":0.03107452765107155,"loss/ssim":0.08195263147354126,"eval/train_l1":0.025133394077420237,"_wandb":{"runtime":1531},"_runtime":1531,"num_gaussians":2362609,"_step":15001,"time/optim_ms":0.0015040000434964895,"time/densify_ms":0.0019199999514967203,"eval/test_l1":0.06792100332677364,"time/loss_bwd_ms":66.32093048095703,"loss/l1":0.018355002626776695,"eval/test_psnr":18.790146827697754}